[{"id":1,"gender":"Male","first_name":"Andrew","last_name":"Scott","email":"ascott0@shutterfly.com","ville":"Connecticut"},
{"id":2,"gender":"Female","first_name":"Marilyn","last_name":"Harper","email":"mharper1@cornell.edu","ville":"Massachusetts"},
{"id":3,"first_name":"Mary","last_name":"Richards","email":"mrichards2@japanpost.jp","ville":"Minnesota"},
{"id":4,"gender":"Male","first_name":"Gerald","last_name":"Payne","email":"gpayne3@craigslist.org","ville":"Tennessee"},
{"id":5,"gender":"Female","first_name":"Shirley","last_name":"Torres","email":"storres4@creativecommons.org","ville":"Ohio"},
{"id":6,"gender":"Female","first_name":"Donna","last_name":"Rogers","email":"drogers5@usa.gov","ville":"Arizona"},
{"id":7,"gender":"Female","first_name":"Virginia","last_name":"Wells","email":"vwells6@squidoo.com","ville":"Nevada"},
{"id":8,"gender":"Male","first_name":"Philip","last_name":"Nelson","email":"pnelson7@japanpost.jp","ville":"Illinois"},
{"id":9,"gender":"Male","first_name":"Mark","last_name":"Nguyen","email":"mnguyen8@mac.com","ville":"District of Columbia"},
{"id":10,"first_name":"Bonnie","last_name":"Thomas","email":"bthomas9@vk.com","ville":"Minnesota"},
{"id":11,"gender":"Male","first_name":"Thomas","last_name":"Lawrence","email":"tlawrencea@theguardian.com","ville":"Texas"},
{"id":12,"gender":"Female","first_name":"Debra","last_name":"Thompson","email":"dthompsonb@trel  lian.com","ville":"Florida"},
{"id":13,"gender":"Female","first_name":"Julia","last_name":"Morgan","email":"jmorganc@ucoz.com","ville":"North Carolina"},
{"id":14,"gender":"Male","first_name":"Wayne","last_name":"Reed","email":"wreedd@ucoz.ru","ville":"California"},
{"id":15,"gender":"Male","first_name":"Philip","last_name":"Stanley","email":"pstanleye@mysql.com","ville":"Florida"},
{"id":16,"gender":"Male","first_name":"Alan","last_name":"Harrison","email":"aharrisonf@howstuffworks.com","ville":"Arkansas"},
{"id":17,"gender":"Male","first_name":"Patrick","last_name":"Powell","email":"ppowellg@mapy.cz","ville":"New Jersey"},
{"id":18,"gender":"Male","first_name":"James","last_name":"Ray","email":"jrayh@amazon.co.jp","ville":"Texas"},
{"id":19,"gender":"Male","first_name":"Peter","last_name":"Moreno","email":"pmorenoi@opensource.org","ville":"Arkansas"},
{"id":20,"gender":"Female","first_name":"Pamela","last_name":"Rose","email":"prosej@dailymotion.com","ville":"California"},
{"id":21,"gender":"Male","first_name":"Fred","last_name":"Robinson","email":"frobinsonk@umich.edu","ville":"Nevada"},
{"id":22,"gender":"Male","first_name":"Steven","last_name":"Greene","email":"sgreenel@odnoklassniki.ru","ville":"Kentucky"},
{"id":23,"gender":"Female","first_name":"Linda","last_name":"Howard","email":"lhowardm@forbes.com","ville":"Florida"},
{"id":24,"gender":"Male","first_name":"Eugene","last_name":"Gutierrez","email":"egutierrezn@mashable.com","ville":"Mississippi"},
{"id":25,"gender":"Female","first_name":"Paula","last_name":"Harvey","email":"pharveyo@ox.ac.uk","ville":"Massachusetts"},
{"id":26,"gender":"Female","first_name":"Shirley","last_name":"Snyder","email":"ssnyderp@sun.com","ville":"Kentucky"},
{"id":27,"gender":"Male","first_name":"Richard","last_name":"Riley","email":"rrileyq@umich.edu","ville":"New York"},
{"id":28,"gender":"Male","first_name":"Mark","last_name":"Schmidt","email":"mschmidtr@mediafire.com","ville":"Minnesota"},
{"id":29,"gender":"Female","first_name":"Julia","last_name":"Austin","email":"jaustins@cam.ac.uk","ville":"Alaska"},
{"id":30,"gender":"Female","first_name":"Cheryl","last_name":"Harper","email":"charpert@icq.com","ville":"Florida"},
{"id":31,"gender":"Male","first_name":"Victor","last_name":"Scott","email":"vscottu@ihg.com","ville":"California"},
{"id":32,"gender":"Male","first_name":"Richard","last_name":"Schmidt","email":"rschmidtv@naver.com","ville":"Texas"},
{"id":33,"first_name":"Kevin","last_name":"Williams","email":"kwilliamsw@vimeo.com","ville":"Florida"},
{"id":34,"first_name":"Earl","last_name":"Collins","email":"ecollinsx@china.com.cn","ville":"Louisiana"},
{"id":35,"gender":"Female","first_name":"Lisa","last_name":"Adams","email":"ladamsy@oaic.gov.au","ville":"New Mexico"},
{"id":36,"gender":"Male","first_name":"Craig","last_name":"Morgan","email":"cmorganz@va.gov","ville":"Ohio"},
{"id":37,"gender":"Male","first_name":"Adam","last_name":"Harper","email":"aharper10@angelfire.com","ville":"Louisiana"},
{"id":38,"gender":"Female","first_name":"Sara","last_name":"Brown","email":"sbrown11@hugedomains.com","ville":"Texas"},
{"id":39,"gender":"Male","first_name":"Bruce","last_name":"Gutierrez","email":"bgutierrez12@merriam-webster.com","ville":"Connecticut"},
{"id":40,"gender":"Male","first_name":"Steve","last_name":"Ortiz","email":"sortiz13@i2i.jp","ville":"Florida"},
{"id":41,"gender":"Female","first_name":"Martha","last_name":"Washington","email":"mwashington14@e-recht24.de","ville":"Indiana"},
{"id":42,"first_name":"Jeffrey","last_name":"Hunt","email":"jhunt15@uol.com.br","ville":"Florida"},
{"id":43,"first_name":"Donna","last_name":"Mcdonald","email":"dmcdonald16@squidoo.com","ville":"Florida"},
{"id":44,"gender":"Female","first_name":"Brenda","last_name":"White","email":"bwhite17@shareasale.com","ville":"Kentucky"},
{"id":45,"gender":"Female","first_name":"Judith","last_name":"Ruiz","email":"jruiz18@seattletimes.com","ville":"Minnesota"},
{"id":46,"gender":"Male","first_name":"John","last_name":"Moore","email":"jmoore19@ted.com","ville":"Missouri"},
{"id":47,"gender":"Female","first_name":"Sharon","last_name":"Shaw","email":"sshaw1a@weibo.com","ville":"Washington"},
{"id":48,"gender":"Male","first_name":"Brandon","last_name":"Sanders","email":"bsanders1b@arstechnica.com","ville":"Arizona"},
{"id":49,"first_name":"Christopher","last_name":"Olson","email":"colson1c@paginegialle.it","ville":"Florida"},
{"id":50,"gender":"Male","first_name":"Jeremy","last_name":"Myers","email":"jmyers1d@istockphoto.com","ville":"Mississippi"},
{"id":51,"gender":"Female","first_name":"Catherine","last_name":"Robinson","email":"crobinson1e@infoseek.co.jp","ville":"District of Columbia"},
{"id":52,"gender":"Female","first_name":"Ann","last_name":"Wallace","email":"awallace1f@google.co.uk","ville":"Nevada"},
{"id":53,"gender":"Female","first_name":"Katherine","last_name":"Torres","email":"ktorres1g@patch.com","ville":"New York"},
{"id":54,"gender":"Female","first_name":"Mildred","last_name":"Ray","email":"mray1h@army.mil","ville":"New Hampshire"},
{"id":55,"gender":"Female","first_name":"Debra","last_name":"Black","email":"dblack1i@jiathis.com","ville":"Nevada"},
{"id":56,"first_name":"Larry","last_name":"Gordon","email":"lgordon1j@ustream.tv","ville":"California"},
{"id":57,"gender":"Female","first_name":"Pamela","last_name":"Hunter","email":"phunter1k@issuu.com","ville":"North Carolina"},
{"id":58,"gender":"Female","first_name":"Catherine","last_name":"Cruz","email":"ccruz1l@vkontakte.ru","ville":"Missouri"},
{"id":59,"first_name":"Irene","last_name":"Lopez","email":"ilopez1m@reuters.com","ville":"Texas"},
{"id":60,"first_name":"Jane","last_name":"Mason","email":"jmason1n@sphinn.com","ville":"Texas"},
{"id":61,"gender":"Male","first_name":"Ryan","last_name":"Harvey","email":"rharvey1o@hhs.gov","ville":"Texas"},
{"id":62,"gender":"Male","first_name":"Bruce","last_name":"Elliott","email":"belliott1p@msn.com","ville":"Connecticut"},
{"id":63,"gender":"Female","first_name":"Kathy","last_name":"Lane","email":"klane1q@sitemeter.com","ville":"California"},
{"id":64,"first_name":"Ernest","last_name":"Torres","email":"etorres1r@smh.com.au","ville":"Nevada"},
{"id":65,"gender":"Male","first_name":"Harold","last_name":"Day","email":"hday1s@mapy.cz","ville":"South Carolina"},
{"id":66,"gender":"Male","first_name":"Roy","last_name":"Cook","email":"rcook1t@flavors.me","ville":"California"},
{"id":67,"first_name":"Matthew","last_name":"James","email":"mjames1u@yolasite.com","ville":"Florida"},
{"id":68,"gender":"Female","first_name":"Paula","last_name":"Chapman","email":"pchapman1v@mit.edu","ville":"California"},
{"id":69,"gender":"Male","first_name":"Paul","last_name":"Harrison","email":"pharrison1w@angelfire.com","ville":"Indiana"},
{"id":70,"gender":"Female","first_name":"Mildred","last_name":"Griffin","email":"mgriffin1x@tinypic.com","ville":"New York"},
{"id":71,"gender":"Male","first_name":"Thomas","last_name":"Lawson","email":"tlawson1y@sun.com","ville":"New York"},
{"id":72,"gender":"Male","first_name":"Victor","last_name":"Little","email":"vlittle1z@techcrunch.com","ville":"Kentucky"},
{"id":73,"gender":"Male","first_name":"Sean","last_name":"Kennedy","email":"skennedy20@chicagotribune.com","ville":"New Mexico"},
{"id":74,"gender":"Female","first_name":"Carolyn","last_name":"Watkins","email":"cwatkins21@howstuffworks.com","ville":"Washington"},
{"id":75,"gender":"Male","first_name":"Keith","last_name":"Larson","email":"klarson22@g.co","ville":"Georgia"},
{"id":76,"gender":"Female","first_name":"Jane","last_name":"Clark","email":"jclark23@rakuten.co.jp","ville":"Texas"},
{"id":77,"gender":"Female","first_name":"Anna","last_name":"Stephens","email":"astephens24@infoseek.co.jp","ville":"Washington"},
{"id":78,"gender":"Male","first_name":"Fred","last_name":"Larson","email":"flarson25@bbb.org","ville":"Illinois"},
{"id":79,"gender":"Female","first_name":"Patricia","last_name":"Gordon","email":"pgordon26@state.gov","ville":"California"},
{"id":80,"first_name":"Fred","last_name":"Knight","email":"fknight27@microsoft.com","ville":"West Virginia"},
{"id":81,"first_name":"Martha","last_name":"Stewart","email":"mstewart28@harvard.edu","ville":"California"},
{"id":82,"gender":"Female","first_name":"Cheryl","last_name":"Burton","email":"cburton29@adobe.com","ville":"Tennessee"},
{"id":83,"first_name":"Sara","last_name":"Garcia","email":"sgarcia2a@msn.com","ville":"Wisconsin"},
{"id":84,"first_name":"Norma","last_name":"Cooper","email":"ncooper2b@tamu.edu","ville":"Michigan"},
{"id":85,"gender":"Male","first_name":"Peter","last_name":"Flores","email":"pflores2c@biblegateway.com","ville":"South Carolina"},
{"id":86,"gender":"Female","first_name":"Kathy","last_name":"Castillo","email":"kcastillo2d@harvard.edu","ville":"Nevada"},
{"id":87,"gender":"Female","first_name":"Bonnie","last_name":"Bryant","email":"bbryant2e@marketwatch.com","ville":"Florida"},
{"id":88,"gender":"Male","first_name":"Steve","last_name":"Griffin","email":"sgriffin2f@bandcamp.com","ville":"Texas"},
{"id":89,"gender":"Female","first_name":"Shirley","last_name":"Ford","email":"sford2g@multiply.com","ville":"New York"},
{"id":90,"gender":"Female","first_name":"Judith","last_name":"Carroll","email":"jcarroll2h@tinyurl.com","ville":"California"},
{"id":91,"first_name":"Beverly","last_name":"Thompson","email":"bthompson2i@redcross.org","ville":"Virginia"},
{"id":92,"first_name":"Jessica","last_name":"Dunn","email":"jdunn2j@freewebs.com","ville":"Illinois"},
{"id":93,"gender":"Male","first_name":"Arthur","last_name":"Hudson","email":"ahudson2k@senate.gov","ville":"North Carolina"},
{"id":94,"first_name":"Brian","last_name":"Brown","email":"bbrown2l@mac.com","ville":"Oregon"},
{"id":95,"gender":"Female","first_name":"Denise","last_name":"Rodriguez","email":"drodriguez2m@canalblog.com","ville":"Nevada"},
{"id":96,"gender":"Female","first_name":"Margaret","last_name":"Jones","email":"mjones2n@ebay.com","ville":"New York"},
{"id":97,"gender":"Female","first_name":"Beverly","last_name":"Riley","email":"briley2o@ezinearticles.com","ville":"Washington"},
{"id":98,"gender":"Male","first_name":"Bobby","last_name":"Kennedy","email":"bkennedy2p@google.co.uk","ville":"Colorado"},
{"id":99,"gender":"Male","first_name":"Bruce","last_name":"Sanchez","email":"bsanchez2q@goodreads.com","ville":"Tennessee"},
{"id":100,"gender":"Female","first_name":"Kimberly","last_name":"Russell","email":"krussell2r@sciencedirect.com","ville":"Texas"},
{"id":101,"gender":"Male","first_name":"Lawrence","last_name":"Butler","email":"lbutler2s@sina.com.cn","ville":"Missouri"},
{"id":102,"gender":"Male","first_name":"Walter","last_name":"Black","email":"wblack2t@etsy.com","ville":"Washington"},
{"id":103,"gender":"Female","first_name":"Lois","last_name":"Edwards","email":"ledwards2u@free.fr","ville":"Alabama"},
{"id":104,"gender":"Female","first_name":"Pamela","last_name":"Carr","email":"pcarr2v@histats.com","ville":"Florida"},
{"id":105,"gender":"Female","first_name":"Diane","last_name":"Flores","email":"dflores2w@dagondesign.com","ville":"Virginia"},
{"id":106,"gender":"Male","first_name":"Steve","last_name":"Sanders","email":"ssanders2x@elpais.com","ville":"Texas"},
{"id":107,"gender":"Male","first_name":"Joe","last_name":"Ray","email":"jray2y@diigo.com","ville":"Texas"},
{"id":108,"gender":"Male","first_name":"Brandon","last_name":"Jackson","email":"bjackson2z@php.net","ville":"Wisconsin"},
{"id":109,"first_name":"Jonathan","last_name":"Ward","email":"jward30@amazon.com","ville":"Florida"},
{"id":110,"gender":"Male","first_name":"Eugene","last_name":"Brown","email":"ebrown31@gnu.org","ville":"Nevada"},
{"id":111,"gender":"Male","first_name":"Russell","last_name":"Ross","email":"rross32@bizjournals.com","ville":"Washington"},
{"id":112,"gender":"Female","first_name":"Paula","last_name":"Larson","email":"plarson33@addthis.com","ville":"Michigan"},
{"id":113,"gender":"Female","first_name":"Ashley","last_name":"Sullivan","email":"asullivan34@usgs.gov","ville":"Iowa"},
{"id":114,"first_name":"Randy","last_name":"Taylor","email":"rtaylor35@ocn.ne.jp","ville":"Illinois"},
{"id":115,"gender":"Male","first_name":"Jason","last_name":"Bryant","email":"jbryant36@imageshack.us","ville":"California"},
{"id":116,"gender":"Male","first_name":"Ryan","last_name":"Rodriguez","email":"rrodriguez37@slashdot.org","ville":"Massachusetts"},
{"id":117,"gender":"Male","first_name":"Douglas","last_name":"Moreno","email":"dmoreno38@wired.com","ville":"California"},
{"id":118,"gender":"Male","first_name":"Jeremy","last_name":"Morris","email":"jmorris39@shutterfly.com","ville":"California"},
{"id":119,"gender":"Female","first_name":"Denise","last_name":"Foster","email":"dfoster3a@spotify.com","ville":"Alabama"},
{"id":120,"gender":"Male","first_name":"Walter","last_name":"Warren","email":"wwarren3b@redcross.org","ville":"Texas"},
{"id":121,"first_name":"Edward","last_name":"Ward","email":"eward3c@pagesperso-orange.fr","ville":"District of Columbia"},
{"id":122,"gender":"Female","first_name":"Diana","last_name":"Martin","email":"dmartin3d@wp.com","ville":"Florida"},
{"id":123,"first_name":"Bonnie","last_name":"Banks","email":"bbanks3e@bizjournals.com","ville":"Indiana"},
{"id":124,"gender":"Male","first_name":"Keith","last_name":"Cox","email":"kcox3f@xinhuanet.com","ville":"Pennsylvania"},
{"id":125,"gender":"Male","first_name":"Gerald","last_name":"Richards","email":"grichards3g@bizjournals.com","ville":"Maryland"},
{"id":126,"first_name":"Arthur","last_name":"Stewart","email":"astewart3h@redcross.org","ville":"District of Columbia"},
{"id":127,"gender":"Male","first_name":"Craig","last_name":"Patterson","email":"cpatterson3i@dell.com","ville":"Oregon"},
{"id":128,"gender":"Female","first_name":"Christine","last_name":"Armstrong","email":"carmstrong3j@earthlink.net","ville":"Florida"},
{"id":129,"first_name":"Kelly","last_name":"Morales","email":"kmorales3k@live.com","ville":"North Carolina"},
{"id":130,"first_name":"Carolyn","last_name":"Berry","email":"cberry3l@umich.edu","ville":"Georgia"},
{"id":131,"gender":"Male","first_name":"Lawrence","last_name":"Russell","email":"lrussell3m@cbslocal.com","ville":"California"},
{"id":132,"gender":"Male","first_name":"Charles","last_name":"Perry","email":"cperry3n@blogs.com","ville":"Ohio"},
{"id":133,"first_name":"Donald","last_name":"Chavez","email":"dchavez3o@bravesites.com","ville":"Missouri"},
{"id":134,"gender":"Male","first_name":"Edward","last_name":"Scott","email":"escott3p@free.fr","ville":"Kentucky"},
{"id":135,"gender":"Female","first_name":"Emily","last_name":"Reynolds","email":"ereynolds3q@sciencedaily.com","ville":"New York"},
{"id":136,"gender":"Male","first_name":"Shawn","last_name":"Myers","email":"smyers3r@wikipedia.org","ville":"Georgia"},
{"id":137,"first_name":"Jeffrey","last_name":"Bradley","email":"jbradley3s@yolasite.com","ville":"Texas"},
{"id":138,"gender":"Male","first_name":"Martin","last_name":"Greene","email":"mgreene3t@smugmug.com","ville":"Alabama"},
{"id":139,"gender":"Male","first_name":"Douglas","last_name":"Washington","email":"dwashington3u@joomla.org","ville":"Missouri"},
{"id":140,"gender":"Male","first_name":"Douglas","last_name":"Graham","email":"dgraham3v@reverbnation.com","ville":"Florida"},
{"id":141,"gender":"Male","first_name":"James","last_name":"Hayes","email":"jhayes3w@twitter.com","ville":"Montana"},
{"id":142,"gender":"Female","first_name":"Amanda","last_name":"Hunt","email":"ahunt3x@netvibes.com","ville":"Alaska"},
{"id":143,"gender":"Female","first_name":"Bonnie","last_name":"Johnston","email":"bjohnston3y@umn.edu","ville":"Florida"},
{"id":144,"gender":"Female","first_name":"Janice","last_name":"Carroll","email":"jcarroll3z@live.com","ville":"Florida"},
{"id":145,"first_name":"Joe","last_name":"Austin","email":"jaustin40@zdnet.com","ville":"Texas"},
{"id":146,"gender":"Male","first_name":"Steven","last_name":"Chapman","email":"schapman41@washington.edu","ville":"Illinois"},
{"id":147,"gender":"Female","first_name":"Jane","last_name":"Wagner","email":"jwagner42@ucsd.edu","ville":"Texas"},
{"id":148,"gender":"Male","first_name":"Michael","last_name":"Chapman","email":"mchapman43@delicious.com","ville":"District of Columbia"},
{"id":149,"gender":"Male","first_name":"Jose","last_name":"Tucker","email":"jtucker44@vk.com","ville":"California"},
{"id":150,"gender":"Male","first_name":"Jimmy","last_name":"Little","email":"jlittle45@nytimes.com","ville":"Indiana"},
{"id":151,"gender":"Male","first_name":"Louis","last_name":"George","email":"lgeorge46@cdc.gov","ville":"Massachusetts"},
{"id":152,"gender":"Male","first_name":"Justin","last_name":"Elliott","email":"jelliott47@4shared.com","ville":"Minnesota"},
{"id":153,"first_name":"Earl","last_name":"Turner","email":"eturner48@storify.com","ville":"Connecticut"},
{"id":154,"gender":"Male","first_name":"Aaron","last_name":"Martinez","email":"amartinez49@webmd.com","ville":"Washington"},
{"id":155,"first_name":"Rebecca","last_name":"Bennett","email":"rbennett4a@live.com","ville":"Virginia"},
{"id":156,"gender":"Male","first_name":"Sean","last_name":"Willis","email":"swillis4b@wix.com","ville":"Illinois"},
{"id":157,"gender":"Female","first_name":"Linda","last_name":"Dunn","email":"ldunn4c@jugem.jp","ville":"Colorado"},
{"id":158,"first_name":"Wayne","last_name":"Fox","email":"wfox4d@ox.ac.uk","ville":"Illinois"},
{"id":159,"gender":"Male","first_name":"Jesse","last_name":"Berry","email":"jberry4e@qq.com","ville":"Hawaii"},
{"id":160,"gender":"Female","first_name":"Bonnie","last_name":"Lewis","email":"blewis4f@example.com","ville":"New York"},
{"id":161,"gender":"Male","first_name":"Russell","last_name":"Young","email":"ryoung4g@vimeo.com","ville":"South Carolina"},
{"id":162,"gender":"Female","first_name":"Teresa","last_name":"Knight","email":"tknight4h@sourceforge.net","ville":"New York"},
{"id":163,"gender":"Male","first_name":"Harry","last_name":"Riley","email":"hriley4i@wix.com","ville":"Florida"},
{"id":164,"first_name":"Charles","last_name":"Walker","email":"cwalker4j@imageshack.us","ville":"Virginia"},
{"id":165,"gender":"Female","first_name":"Annie","last_name":"Snyder","email":"asnyder4k@ed.gov","ville":"Nevada"},
{"id":166,"first_name":"Virginia","last_name":"Davis","email":"vdavis4l@webnode.com","ville":"Tennessee"},
{"id":167,"gender":"Female","first_name":"Tina","last_name":"Moore","email":"tmoore4m@wp.com","ville":"New Jersey"},
{"id":168,"first_name":"Frances","last_name":"Sanders","email":"fsanders4n@furl.net","ville":"Alabama"},
{"id":169,"gender":"Female","first_name":"Jacqueline","last_name":"Elliott","email":"jelliott4o@issuu.com","ville":"New York"},
{"id":170,"gender":"Male","first_name":"Raymond","last_name":"Banks","email":"rbanks4p@wisc.edu","ville":"Colorado"},
{"id":171,"gender":"Male","first_name":"Mark","last_name":"Wallace","email":"mwallace4q@tmall.com","ville":"California"},
{"id":172,"gender":"Female","first_name":"Sandra","last_name":"Wood","email":"swood4r@jiathis.com","ville":"Texas"},
{"id":173,"first_name":"James","last_name":"Hayes","email":"jhayes4s@123-reg.co.uk","ville":"Virginia"},
{"id":174,"gender":"Male","first_name":"Roger","last_name":"Elliott","email":"relliott4t@apache.org","ville":"Minnesota"},
{"id":175,"gender":"Male","first_name":"Randy","last_name":"Berry","email":"rberry4u@kickstarter.com","ville":"California"},
{"id":176,"gender":"Female","first_name":"Kathryn","last_name":"Franklin","email":"kfranklin4v@aol.com","ville":"Texas"},
{"id":177,"gender":"Male","first_name":"Timothy","last_name":"Woods","email":"twoods4w@wix.com","ville":"Nevada"},
{"id":178,"gender":"Female","first_name":"Joyce","last_name":"Peters","email":"jpeters4x@twitpic.com","ville":"Texas"},
{"id":179,"first_name":"Jack","last_name":"Williams","email":"jwilliams4y@mit.edu","ville":"Utah"},
{"id":180,"first_name":"Joshua","last_name":"Fox","email":"jfox4z@yahoo.co.jp","ville":"District of Columbia"},
{"id":181,"first_name":"Benjamin","last_name":"Rose","email":"brose50@umn.edu","ville":"Pennsylvania"},
{"id":182,"gender":"Female","first_name":"Virginia","last_name":"Watkins","email":"vwatkins51@studiopress.com","ville":"New Jersey"},
{"id":183,"gender":"Female","first_name":"Catherine","last_name":"Washington","email":"cwashington52@archive.org","ville":"District of Columbia"},
{"id":184,"gender":"Male","first_name":"Raymond","last_name":"West","email":"rwest53@deviantart.com","ville":"Oregon"},
{"id":185,"gender":"Male","first_name":"Fred","last_name":"Grant","email":"fgrant54@cnbc.com","ville":"Florida"},
{"id":186,"first_name":"Teresa","last_name":"Freeman","email":"tfreeman55@chicagotribune.com","ville":"California"},
{"id":187,"gender":"Female","first_name":"Elizabeth","last_name":"Nguyen","email":"enguyen56@cbslocal.com","ville":"Missouri"},
{"id":188,"gender":"Male","first_name":"Juan","last_name":"Harrison","email":"jharrison57@google.co.jp","ville":"Utah"},
{"id":189,"first_name":"David","last_name":"Rivera","email":"drivera58@cisco.com","ville":"North Carolina"},
{"id":190,"gender":"Male","first_name":"Walter","last_name":"Wells","email":"wwells59@yahoo.com","ville":"California"},
{"id":191,"gender":"Female","first_name":"Virginia","last_name":"Fields","email":"vfields5a@merriam-webster.com","ville":"Colorado"},
{"id":192,"gender":"Male","first_name":"Nicholas","last_name":"Perez","email":"nperez5b@discuz.net","ville":"New York"},
{"id":193,"gender":"Female","first_name":"Jessica","last_name":"Fox","email":"jfox5c@xinhuanet.com","ville":"Indiana"},
{"id":194,"first_name":"Beverly","last_name":"Fuller","email":"bfuller5d@cyberchimps.com","ville":"South Carolina"},
{"id":195,"gender":"Female","first_name":"Christine","last_name":"Myers","email":"cmyers5e@reverbnation.com","ville":"Ohio"},
{"id":196,"first_name":"Doris","last_name":"Hayes","email":"dhayes5f@walmart.com","ville":"California"},
{"id":197,"first_name":"Jerry","last_name":"George","email":"jgeorge5g@networkadvertising.org","ville":"California"},
{"id":198,"gender":"Male","first_name":"Douglas","last_name":"Perez","email":"dperez5h@weather.com","ville":"California"},
{"id":199,"gender":"Female","first_name":"Christina","last_name":"Thomas","email":"cthomas5i@php.net","ville":"Connecticut"},
{"id":200,"first_name":"Katherine","last_name":"Shaw","email":"kshaw5j@hhs.gov","ville":"Colorado"},
{"id":201,"gender":"Male","first_name":"Raymond","last_name":"Wright","email":"rwright5k@purevolume.com","ville":"Pennsylvania"},
{"id":202,"gender":"Male","first_name":"Gerald","last_name":"Robinson","email":"grobinson5l@bloomberg.com","ville":"Texas"},
{"id":203,"first_name":"Cynthia","last_name":"Davis","email":"cdavis5m@so-net.ne.jp","ville":"Indiana"},
{"id":204,"gender":"Female","first_name":"Tammy","last_name":"Tucker","email":"ttucker5n@auda.org.au","ville":"Nevada"},
{"id":205,"first_name":"Marie","last_name":"Johnson","email":"mjohnson5o@tiny.cc","ville":"Florida"},
{"id":206,"gender":"Male","first_name":"Carlos","last_name":"Jackson","email":"cjackson5p@nhs.uk","ville":"California"},
{"id":207,"first_name":"Betty","last_name":"Gardner","email":"bgardner5q@economist.com","ville":"California"},
{"id":208,"gender":"Female","first_name":"Tina","last_name":"Davis","email":"tdavis5r@youtube.com","ville":"Texas"},
{"id":209,"gender":"Female","first_name":"Tammy","last_name":"Carroll","email":"tcarroll5s@constantcontact.com","ville":"Michigan"},
{"id":210,"gender":"Female","first_name":"Tammy","last_name":"Elliott","email":"telliott5t@sfgate.com","ville":"Ohio"},
{"id":211,"first_name":"Matthew","last_name":"Mcdonald","email":"mmcdonald5u@walmart.com","ville":"Virginia"},
{"id":212,"gender":"Female","first_name":"Annie","last_name":"Washington","email":"awashington5v@paginegialle.it","ville":"Florida"},
{"id":213,"gender":"Male","first_name":"George","last_name":"Fernandez","email":"gfernandez5w@diigo.com","ville":"Florida"},
{"id":214,"gender":"Male","first_name":"James","last_name":"Henderson","email":"jhenderson5x@xrea.com","ville":"District of Columbia"},
{"id":215,"gender":"Male","first_name":"Johnny","last_name":"Sanchez","email":"jsanchez5y@liveinternet.ru","ville":"Arizona"},
{"id":216,"gender":"Female","first_name":"Julia","last_name":"Fernandez","email":"jfernandez5z@goo.gl","ville":"California"},
{"id":217,"gender":"Male","first_name":"Howard","last_name":"Moreno","email":"hmoreno60@uiuc.edu","ville":"California"},
{"id":218,"gender":"Male","first_name":"Walter","last_name":"Robinson","email":"wrobinson61@sciencedirect.com","ville":"Rhode Island"},
{"id":219,"gender":"Male","first_name":"Harry","last_name":"Foster","email":"hfoster62@over-blog.com","ville":"Iowa"},
{"id":220,"first_name":"Jerry","last_name":"Moreno","email":"jmoreno63@vinaora.com","ville":"Indiana"},
{"id":221,"first_name":"Howard","last_name":"Young","email":"hyoung64@wikia.com","ville":"Pennsylvania"},
{"id":222,"gender":"Male","first_name":"Earl","last_name":"Moore","email":"emoore65@dot.gov","ville":"Colorado"},
{"id":223,"gender":"Female","first_name":"Tammy","last_name":"Phillips","email":"tphillips66@weibo.com","ville":"Iowa"},
{"id":224,"first_name":"Marilyn","last_name":"Larson","email":"mlarson67@mayoclinic.com","ville":"Florida"},
{"id":225,"gender":"Female","first_name":"Nicole","last_name":"Hart","email":"nhart68@themeforest.net","ville":"West Virginia"},
{"id":226,"gender":"Male","first_name":"Eugene","last_name":"Tucker","email":"etucker69@go.com","ville":"Maryland"},
{"id":227,"first_name":"Rose","last_name":"Ford","email":"rford6a@ed.gov","ville":"New York"},
{"id":228,"gender":"Female","first_name":"Lillian","last_name":"Shaw","email":"lshaw6b@csmonitor.com","ville":"Connecticut"},
{"id":229,"first_name":"Roy","last_name":"Austin","email":"raustin6c@seesaa.net","ville":"Kentucky"},
{"id":230,"first_name":"Sarah","last_name":"Myers","email":"smyers6d@github.io","ville":"Texas"},
{"id":231,"gender":"Male","first_name":"Aaron","last_name":"Wood","email":"awood6e@desdev.cn","ville":"New York"},
{"id":232,"gender":"Female","first_name":"Patricia","last_name":"Hanson","email":"phanson6f@prlog.org","ville":"Florida"},
{"id":233,"first_name":"Joan","last_name":"Fuller","email":"jfuller6g@nps.gov","ville":"Missouri"},
{"id":234,"gender":"Male","first_name":"Jimmy","last_name":"James","email":"jjames6h@tamu.edu","ville":"Virginia"},
{"id":235,"gender":"Male","first_name":"Jason","last_name":"Morrison","email":"jmorrison6i@macromedia.com","ville":"District of Columbia"},
{"id":236,"first_name":"Janet","last_name":"Day","email":"jday6j@bloglines.com","ville":"Illinois"},
{"id":237,"gender":"Male","first_name":"Richard","last_name":"Richardson","email":"rrichardson6k@senate.gov","ville":"California"},
{"id":238,"gender":"Male","first_name":"Steve","last_name":"Perez","email":"sperez6l@com.com","ville":"Texas"},
{"id":239,"gender":"Female","first_name":"Robin","last_name":"Carr","email":"rcarr6m@photobucket.com","ville":"Maryland"},
{"id":240,"gender":"Female","first_name":"Kathleen","last_name":"Cole","email":"kcole6n@webs.com","ville":"Virginia"},
{"id":241,"gender":"Female","first_name":"Jennifer","last_name":"Lopez","email":"jlopez6o@sourceforge.net","ville":"Texas"},
{"id":242,"gender":"Female","first_name":"Sharon","last_name":"Ramirez","email":"sramirez6p@ucsd.edu","ville":"Georgia"},
{"id":243,"gender":"Male","first_name":"Charles","last_name":"Hughes","email":"chughes6q@oaic.gov.au","ville":"Louisiana"},
{"id":244,"gender":"Female","first_name":"Amanda","last_name":"Greene","email":"agreene6r@creativecommons.org","ville":"Iowa"},
{"id":245,"gender":"Male","first_name":"Steve","last_name":"Ruiz","email":"sruiz6s@howstuffworks.com","ville":"California"},
{"id":246,"gender":"Male","first_name":"Dennis","last_name":"Evans","email":"devans6t@printfriendly.com","ville":"Oklahoma"},
{"id":247,"first_name":"Robert","last_name":"Hall","email":"rhall6u@sourceforge.net","ville":"North Carolina"},
{"id":248,"gender":"Male","first_name":"Terry","last_name":"Reid","email":"treid6v@pen.io","ville":"Kentucky"},
{"id":249,"first_name":"Mary","last_name":"Mills","email":"mmills6w@ovh.net","ville":"Oklahoma"},
{"id":250,"first_name":"Theresa","last_name":"Carroll","email":"tcarroll6x@weibo.com","ville":"Missouri"},
{"id":251,"gender":"Male","first_name":"Harold","last_name":"Cooper","email":"hcooper6y@amazon.co.jp","ville":"Texas"},
{"id":252,"gender":"Female","first_name":"Jean","last_name":"Porter","email":"jporter6z@sogou.com","ville":"California"},
{"id":253,"gender":"Female","first_name":"Linda","last_name":"Scott","email":"lscott70@apple.com","ville":"Connecticut"},
{"id":254,"gender":"Female","first_name":"Deborah","last_name":"Lawrence","email":"dlawrence71@flavors.me","ville":"Minnesota"},
{"id":255,"gender":"Male","first_name":"Albert","last_name":"Fernandez","email":"afernandez72@jiathis.com","ville":"Colorado"},
{"id":256,"first_name":"Brandon","last_name":"Alexander","email":"balexander73@hubpages.com","ville":"Texas"},
{"id":257,"gender":"Male","first_name":"Raymond","last_name":"Cox","email":"rcox74@cbc.ca","ville":"Texas"},
{"id":258,"gender":"Male","first_name":"Benjamin","last_name":"Davis","email":"bdavis75@narod.ru","ville":"Indiana"},
{"id":259,"gender":"Male","first_name":"Douglas","last_name":"Martinez","email":"dmartinez76@virginia.edu","ville":"Pennsylvania"},
{"id":260,"gender":"Female","first_name":"Rebecca","last_name":"Bailey","email":"rbailey77@nasa.gov","ville":"Colorado"},
{"id":261,"first_name":"Linda","last_name":"Wells","email":"lwells78@pbs.org","ville":"North Carolina"},
{"id":262,"first_name":"Randy","last_name":"James","email":"rjames79@tmall.com","ville":"Alabama"},
{"id":263,"gender":"Female","first_name":"Donna","last_name":"Freeman","email":"dfreeman7a@wufoo.com","ville":"California"},
{"id":264,"first_name":"David","last_name":"Sanchez","email":"dsanchez7b@mysql.com","ville":"Connecticut"},
{"id":265,"gender":"Female","first_name":"Laura","last_name":"Brooks","email":"lbrooks7c@jugem.jp","ville":"New York"},
{"id":266,"gender":"Female","first_name":"Jane","last_name":"Morales","email":"jmorales7d@moonfruit.com","ville":"Texas"},
{"id":267,"first_name":"Brandon","last_name":"Hayes","email":"bhayes7e@vimeo.com","ville":"Minnesota"},
{"id":268,"gender":"Male","first_name":"Jeffrey","last_name":"Martin","email":"jmartin7f@harvard.edu","ville":"California"},
{"id":269,"first_name":"Mark","last_name":"Lawrence","email":"mlawrence7g@virginia.edu","ville":"California"},
{"id":270,"gender":"Female","first_name":"Helen","last_name":"Greene","email":"hgreene7h@etsy.com","ville":"Texas"},
{"id":271,"first_name":"Heather","last_name":"Scott","email":"hscott7i@google.ca","ville":"Nebraska"},
{"id":272,"gender":"Female","first_name":"Christine","last_name":"Freeman","email":"cfreeman7j@tmall.com","ville":"Virginia"},
{"id":273,"gender":"Female","first_name":"Denise","last_name":"Reyes","email":"dreyes7k@friendfeed.com","ville":"North Carolina"},
{"id":274,"first_name":"Johnny","last_name":"Watkins","email":"jwatkins7l@histats.com","ville":"Texas"},
{"id":275,"gender":"Female","first_name":"Sandra","last_name":"Griffin","email":"sgriffin7m@netvibes.com","ville":"Virginia"},
{"id":276,"first_name":"Jack","last_name":"Frazier","email":"jfrazier7n@dot.gov","ville":"West Virginia"},
{"id":277,"gender":"Male","first_name":"Alan","last_name":"Wood","email":"awood7o@irs.gov","ville":"Virginia"},
{"id":278,"gender":"Male","first_name":"Ryan","last_name":"Peterson","email":"rpeterson7p@newsvine.com","ville":"California"},
{"id":279,"gender":"Male","first_name":"Alan","last_name":"Mcdonald","email":"amcdonald7q@tripadvisor.com","ville":"Texas"},
{"id":280,"first_name":"Jack","last_name":"Torres","email":"jtorres7r@t.co","ville":"Texas"},
{"id":281,"gender":"Male","first_name":"Harold","last_name":"Turner","email":"hturner7s@ucsd.edu","ville":"Oklahoma"},
{"id":282,"gender":"Male","first_name":"Gerald","last_name":"Carroll","email":"gcarroll7t@ucsd.edu","ville":"Louisiana"},
{"id":283,"gender":"Male","first_name":"Carl","last_name":"Hicks","email":"chicks7u@amazonaws.com","ville":"Arizona"},
{"id":284,"gender":"Female","first_name":"Heather","last_name":"Kim","email":"hkim7v@ihg.com","ville":"California"},
{"id":285,"gender":"Male","first_name":"Shawn","last_name":"Snyder","email":"ssnyder7w@ox.ac.uk","ville":"Virginia"},
{"id":286,"first_name":"Adam","last_name":"Bowman","email":"abowman7x@surveymonkey.com","ville":"West Virginia"},
{"id":287,"gender":"Female","first_name":"Michelle","last_name":"Allen","email":"mallen7y@pinterest.com","ville":"District of Columbia"},
{"id":288,"gender":"Female","first_name":"Lillian","last_name":"Richards","email":"lrichards7z@discuz.net","ville":"Missouri"},
{"id":289,"first_name":"Diane","last_name":"Peterson","email":"dpeterson80@bigcartel.com","ville":"Texas"},
{"id":290,"gender":"Female","first_name":"Diana","last_name":"Cox","email":"dcox81@reverbnation.com","ville":"California"},
{"id":291,"gender":"Male","first_name":"David","last_name":"Sanders","email":"dsanders82@scientificamerican.com","ville":"Colorado"},
{"id":292,"gender":"Male","first_name":"Peter","last_name":"Montgomery","email":"pmontgomery83@ifeng.com","ville":"Wisconsin"},
{"id":293,"gender":"Male","first_name":"Billy","last_name":"Woods","email":"bwoods84@fc2.com","ville":"California"},
{"id":294,"gender":"Male","first_name":"Matthew","last_name":"Spencer","email":"mspencer85@state.gov","ville":"Tennessee"},
{"id":295,"gender":"Male","first_name":"Justin","last_name":"Berry","email":"jberry86@ucoz.com","ville":"Illinois"},
{"id":296,"gender":"Male","first_name":"Frank","last_name":"Morrison","email":"fmorrison87@xinhuanet.com","ville":"California"},
{"id":297,"gender":"Female","first_name":"Mildred","last_name":"Rogers","email":"mrogers88@latimes.com","ville":"Colorado"},
{"id":298,"gender":"Female","first_name":"Irene","last_name":"Kelley","email":"ikelley89@abc.net.au","ville":"Iowa"},
{"id":299,"gender":"Female","first_name":"Dorothy","last_name":"Fowler","email":"dfowler8a@eventbrite.com","ville":"Nebraska"},
{"id":300,"first_name":"Susan","last_name":"Perry","email":"sperry8b@cornell.edu","ville":"California"},
{"id":301,"gender":"Male","first_name":"Steven","last_name":"Henry","email":"shenry8c@unesco.org","ville":"Michigan"},
{"id":302,"gender":"Male","first_name":"Carlos","last_name":"Dunn","email":"cdunn8d@histats.com","ville":"Iowa"},
{"id":303,"gender":"Female","first_name":"Irene","last_name":"Howell","email":"ihowell8e@fc2.com","ville":"West Virginia"},
{"id":304,"first_name":"Diane","last_name":"Bailey","email":"dbailey8f@webmd.com","ville":"Ohio"},
{"id":305,"gender":"Male","first_name":"Benjamin","last_name":"Franklin","email":"bfranklin8g@scribd.com","ville":"Delaware"},
{"id":306,"gender":"Female","first_name":"Virginia","last_name":"Miller","email":"vmiller8h@weebly.com","ville":"Washington"},
{"id":307,"gender":"Male","first_name":"Dennis","last_name":"Spencer","email":"dspencer8i@fotki.com","ville":"Alabama"},
{"id":308,"gender":"Male","first_name":"Douglas","last_name":"Morrison","email":"dmorrison8j@ustream.tv","ville":"Virginia"},
{"id":309,"gender":"Female","first_name":"Sara","last_name":"Clark","email":"sclark8k@zdnet.com","ville":"Utah"},
{"id":310,"first_name":"Angela","last_name":"Rogers","email":"arogers8l@answers.com","ville":"South Carolina"},
{"id":311,"gender":"Female","first_name":"Kelly","last_name":"Williamson","email":"kwilliamson8m@harvard.edu","ville":"Indiana"},
{"id":312,"gender":"Female","first_name":"Joyce","last_name":"Butler","email":"jbutler8n@businessweek.com","ville":"Louisiana"},
{"id":313,"gender":"Male","first_name":"Kenneth","last_name":"Davis","email":"kdavis8o@house.gov","ville":"Maryland"},
{"id":314,"first_name":"Justin","last_name":"Franklin","email":"jfranklin8p@jimdo.com","ville":"Alabama"},
{"id":315,"first_name":"Jason","last_name":"Bailey","email":"jbailey8q@cdbaby.com","ville":"Washington"},
{"id":316,"gender":"Male","first_name":"Chris","last_name":"Simpson","email":"csimpson8r@freewebs.com","ville":"Alabama"},
{"id":317,"first_name":"Joan","last_name":"Robertson","email":"jrobertson8s@noaa.gov","ville":"District of Columbia"},
{"id":318,"gender":"Female","first_name":"Kathleen","last_name":"Reid","email":"kreid8t@guardian.co.uk","ville":"Nebraska"},
{"id":319,"first_name":"Cynthia","last_name":"West","email":"cwest8u@fastcompany.com","ville":"Nevada"},
{"id":320,"first_name":"Shirley","last_name":"Young","email":"syoung8v@pen.io","ville":"Alabama"},
{"id":321,"gender":"Male","first_name":"Edward","last_name":"Watson","email":"ewatson8w@ftc.gov","ville":"Minnesota"},
{"id":322,"gender":"Male","first_name":"Charles","last_name":"Mitchell","email":"cmitchell8x@webs.com","ville":"Texas"},
{"id":323,"gender":"Female","first_name":"Andrea","last_name":"Fuller","email":"afuller8y@marketwatch.com","ville":"Oregon"},
{"id":324,"gender":"Female","first_name":"Brenda","last_name":"Brown","email":"bbrown8z@bizjournals.com","ville":"New York"},
{"id":325,"first_name":"Barbara","last_name":"Fields","email":"bfields90@artisteer.com","ville":"California"},
{"id":326,"gender":"Female","first_name":"Dorothy","last_name":"Torres","email":"dtorres91@cnn.com","ville":"Nevada"},
{"id":327,"gender":"Female","first_name":"Martha","last_name":"Armstrong","email":"marmstrong92@dmoz.org","ville":"Connecticut"},
{"id":328,"first_name":"Harold","last_name":"Simpson","email":"hsimpson93@vkontakte.ru","ville":"Florida"},
{"id":329,"gender":"Male","first_name":"Patrick","last_name":"Henderson","email":"phenderson94@drupal.org","ville":"Virginia"},
{"id":330,"first_name":"Aaron","last_name":"Johnston","email":"ajohnston95@woothemes.com","ville":"Georgia"},
{"id":331,"first_name":"Anne","last_name":"Freeman","email":"afreeman96@sfgate.com","ville":"Rhode Island"},
{"id":332,"gender":"Female","first_name":"Julia","last_name":"Weaver","email":"jweaver97@examiner.com","ville":"Arkansas"},
{"id":333,"gender":"Female","first_name":"Mildred","last_name":"Lane","email":"mlane98@nifty.com","ville":"Arizona"},
{"id":334,"first_name":"Ronald","last_name":"Duncan","email":"rduncan99@ovh.net","ville":"Illinois"},
{"id":335,"gender":"Female","first_name":"Louise","last_name":"Baker","email":"lbaker9a@google.com.br","ville":"Oregon"},
{"id":336,"gender":"Female","first_name":"Judy","last_name":"Stevens","email":"jstevens9b@mapquest.com","ville":"Virginia"},
{"id":337,"gender":"Female","first_name":"Ashley","last_name":"Kennedy","email":"akennedy9c@wiley.com","ville":"California"},
{"id":338,"gender":"Female","first_name":"Patricia","last_name":"Jacobs","email":"pjacobs9d@tripadvisor.com","ville":"Pennsylvania"},
{"id":339,"gender":"Female","first_name":"Pamela","last_name":"Burton","email":"pburton9e@zimbio.com","ville":"Delaware"},
{"id":340,"gender":"Male","first_name":"Eric","last_name":"Gomez","email":"egomez9f@wix.com","ville":"Oklahoma"},
{"id":341,"first_name":"Brenda","last_name":"Wilson","email":"bwilson9g@weebly.com","ville":"Pennsylvania"},
{"id":342,"gender":"Male","first_name":"Clarence","last_name":"Cox","email":"ccox9h@mlb.com","ville":"Texas"},
{"id":343,"gender":"Female","first_name":"Christina","last_name":"Burton","email":"cburton9i@paginegialle.it","ville":"Texas"},
{"id":344,"gender":"Female","first_name":"Sarah","last_name":"Myers","email":"smyers9j@wufoo.com","ville":"Washington"},
{"id":345,"gender":"Male","first_name":"Ernest","last_name":"Perkins","email":"eperkins9k@artisteer.com","ville":"California"},
{"id":346,"first_name":"Debra","last_name":"Larson","email":"dlarson9l@yellowpages.com","ville":"Kentucky"},
{"id":347,"gender":"Female","first_name":"Nicole","last_name":"Miller","email":"nmiller9m@bluehost.com","ville":"Florida"},
{"id":348,"gender":"Male","first_name":"Albert","last_name":"Hart","email":"ahart9n@live.com","ville":"Pennsylvania"},
{"id":349,"gender":"Female","first_name":"Martha","last_name":"Chavez","email":"mchavez9o@cargocollective.com","ville":"California"},
{"id":350,"gender":"Male","first_name":"Jose","last_name":"Webb","email":"jwebb9p@51.la","ville":"Kentucky"},
{"id":351,"gender":"Male","first_name":"Steve","last_name":"Andrews","email":"sandrews9q@nps.gov","ville":"Ohio"},
{"id":352,"gender":"Female","first_name":"Linda","last_name":"Vasquez","email":"lvasquez9r@infoseek.co.jp","ville":"Alabama"},
{"id":353,"gender":"Male","first_name":"Kenneth","last_name":"Coleman","email":"kcoleman9s@goodreads.com","ville":"New York"},
{"id":354,"gender":"Female","first_name":"Irene","last_name":"Fox","email":"ifox9t@about.com","ville":"Montana"},
{"id":355,"gender":"Male","first_name":"Arthur","last_name":"Little","email":"alittle9u@hc360.com","ville":"North Carolina"},
{"id":356,"gender":"Female","first_name":"Debra","last_name":"Wells","email":"dwells9v@twitter.com","ville":"Indiana"},
{"id":357,"gender":"Female","first_name":"Emily","last_name":"Romero","email":"eromero9w@ted.com","ville":"California"},
{"id":358,"gender":"Male","first_name":"Earl","last_name":"Evans","email":"eevans9x@tamu.edu","ville":"Florida"},
{"id":359,"gender":"Female","first_name":"Deborah","last_name":"Butler","email":"dbutler9y@xinhuanet.com","ville":"Florida"},
{"id":360,"gender":"Male","first_name":"Stephen","last_name":"Gonzales","email":"sgonzales9z@shop-pro.jp","ville":"Florida"},
{"id":361,"gender":"Male","first_name":"Earl","last_name":"Griffin","email":"egriffina0@purevolume.com","ville":"Alabama"},
{"id":362,"first_name":"Nicole","last_name":"Carpenter","email":"ncarpentera1@slideshare.net","ville":"Pennsylvania"},
{"id":363,"first_name":"Gloria","last_name":"Rivera","email":"griveraa2@desdev.cn","ville":"North Carolina"},
{"id":364,"gender":"Female","first_name":"Norma","last_name":"Romero","email":"nromeroa3@hud.gov","ville":"Nebraska"},
{"id":365,"gender":"Male","first_name":"William","last_name":"Parker","email":"wparkera4@noaa.gov","ville":"Texas"},
{"id":366,"first_name":"Dennis","last_name":"Harper","email":"dharpera5@indiegogo.com","ville":"Kentucky"},
{"id":367,"gender":"Male","first_name":"Arthur","last_name":"Carter","email":"acartera6@linkedin.com","ville":"Washington"},
{"id":368,"gender":"Male","first_name":"John","last_name":"Gonzales","email":"jgonzalesa7@cyberchimps.com","ville":"New York"},
{"id":369,"first_name":"Robin","last_name":"Foster","email":"rfostera8@mozilla.com","ville":"Tennessee"},
{"id":370,"gender":"Female","first_name":"Kathy","last_name":"King","email":"kkinga9@chronoengine.com","ville":"New York"},
{"id":371,"gender":"Male","first_name":"Clarence","last_name":"Payne","email":"cpayneaa@mayoclinic.com","ville":"California"},
{"id":372,"first_name":"Matthew","last_name":"Mitchell","email":"mmitchellab@latimes.com","ville":"Florida"},
{"id":373,"gender":"Male","first_name":"David","last_name":"Boyd","email":"dboydac@cam.ac.uk","ville":"South Carolina"},
{"id":374,"gender":"Male","first_name":"Brandon","last_name":"Fisher","email":"bfisherad@yahoo.co.jp","ville":"Florida"},
{"id":375,"gender":"Male","first_name":"Richard","last_name":"Bradley","email":"rbradleyae@shop-pro.jp","ville":"Illinois"},
{"id":376,"gender":"Female","first_name":"Judith","last_name":"Banks","email":"jbanksaf@npr.org","ville":"Minnesota"},
{"id":377,"gender":"Female","first_name":"Annie","last_name":"Cox","email":"acoxag@salon.com","ville":"Texas"},
{"id":378,"gender":"Female","first_name":"Margaret","last_name":"Flores","email":"mfloresah@imgur.com","ville":"Washington"},
{"id":379,"gender":"Male","first_name":"Alan","last_name":"Adams","email":"aadamsai@hhs.gov","ville":"Nevada"},
{"id":380,"gender":"Male","first_name":"Alan","last_name":"Coleman","email":"acolemanaj@godaddy.com","ville":"Alabama"},
{"id":381,"gender":"Male","first_name":"Joe","last_name":"Kennedy","email":"jkennedyak@chicagotribune.com","ville":"Pennsylvania"},
{"id":382,"first_name":"Mildred","last_name":"Rice","email":"mriceal@sciencedaily.com","ville":"Kansas"},
{"id":383,"gender":"Male","first_name":"Charles","last_name":"Mendoza","email":"cmendozaam@ihg.com","ville":"Florida"},
{"id":384,"first_name":"Laura","last_name":"Foster","email":"lfosteran@engadget.com","ville":"Ohio"},
{"id":385,"gender":"Female","first_name":"Irene","last_name":"Watson","email":"iwatsonao@topsy.com","ville":"Florida"},
{"id":386,"gender":"Male","first_name":"Carlos","last_name":"Jackson","email":"cjacksonap@slate.com","ville":"Alaska"},
{"id":387,"gender":"Male","first_name":"Fred","last_name":"Lane","email":"flaneaq@parallels.com","ville":"Colorado"},
{"id":388,"gender":"Female","first_name":"Teresa","last_name":"Adams","email":"tadamsar@google.it","ville":"District of Columbia"},
{"id":389,"gender":"Female","first_name":"Robin","last_name":"Garza","email":"rgarzaas@techcrunch.com","ville":"Michigan"},
{"id":390,"gender":"Female","first_name":"Lois","last_name":"Perez","email":"lperezat@cyberchimps.com","ville":"North Carolina"},
{"id":391,"gender":"Male","first_name":"Antonio","last_name":"Knight","email":"aknightau@ihg.com","ville":"Minnesota"},
{"id":392,"first_name":"Rose","last_name":"Martinez","email":"rmartinezav@bluehost.com","ville":"Pennsylvania"},
{"id":393,"gender":"Male","first_name":"Martin","last_name":"Bowman","email":"mbowmanaw@berkeley.edu","ville":"Michigan"},
{"id":394,"gender":"Female","first_name":"Jean","last_name":"Montgomery","email":"jmontgomeryax@ycombinator.com","ville":"Massachusetts"},
{"id":395,"gender":"Female","first_name":"Rose","last_name":"Griffin","email":"rgriffinay@nps.gov","ville":"Florida"},
{"id":396,"first_name":"Jennifer","last_name":"Hawkins","email":"jhawkinsaz@studiopress.com","ville":"Colorado"},
{"id":397,"gender":"Female","first_name":"Judy","last_name":"Carpenter","email":"jcarpenterb0@netlog.com","ville":"California"},
{"id":398,"gender":"Female","first_name":"Jacqueline","last_name":"Robertson","email":"jrobertsonb1@hp.com","ville":"Texas"},
{"id":399,"gender":"Female","first_name":"Wanda","last_name":"Anderson","email":"wandersonb2@cdc.gov","ville":"District of Columbia"},
{"id":400,"gender":"Male","first_name":"Richard","last_name":"Sanchez","email":"rsanchezb3@unesco.org","ville":"Nebraska"},
{"id":401,"first_name":"Martha","last_name":"Porter","email":"mporterb4@eventbrite.com","ville":"California"},
{"id":402,"first_name":"Paul","last_name":"Green","email":"pgreenb5@canalblog.com","ville":"Florida"},
{"id":403,"gender":"Male","first_name":"James","last_name":"Bishop","email":"jbishopb6@yandex.ru","ville":"Oklahoma"},
{"id":404,"gender":"Male","first_name":"John","last_name":"Jenkins","email":"jjenkinsb7@multiply.com","ville":"Florida"},
{"id":405,"gender":"Female","first_name":"Barbara","last_name":"Nguyen","email":"bnguyenb8@tumblr.com","ville":"California"},
{"id":406,"gender":"Male","first_name":"Thomas","last_name":"Fox","email":"tfoxb9@si.edu","ville":"District of Columbia"},
{"id":407,"first_name":"Irene","last_name":"Henry","email":"ihenryba@purevolume.com","ville":"Ohio"},
{"id":408,"gender":"Female","first_name":"Theresa","last_name":"George","email":"tgeorgebb@t-online.de","ville":"Minnesota"},
{"id":409,"gender":"Female","first_name":"Christine","last_name":"Mills","email":"cmillsbc@ustream.tv","ville":"New York"},
{"id":410,"gender":"Male","first_name":"Ryan","last_name":"Rodriguez","email":"rrodriguezbd@discuz.net","ville":"Texas"},
{"id":411,"gender":"Male","first_name":"Walter","last_name":"Ferguson","email":"wfergusonbe@rakuten.co.jp","ville":"Virginia"},
{"id":412,"first_name":"Jennifer","last_name":"Owens","email":"jowensbf@squarespace.com","ville":"Texas"},
{"id":413,"gender":"Female","first_name":"Catherine","last_name":"Chavez","email":"cchavezbg@mit.edu","ville":"District of Columbia"},
{"id":414,"gender":"Male","first_name":"Patrick","last_name":"Mason","email":"pmasonbh@google.es","ville":"Hawaii"},
{"id":415,"gender":"Male","first_name":"Brian","last_name":"Garza","email":"bgarzabi@prlog.org","ville":"Arizona"},
{"id":416,"gender":"Female","first_name":"Sharon","last_name":"Morris","email":"smorrisbj@house.gov","ville":"Missouri"},
{"id":417,"gender":"Male","first_name":"Joseph","last_name":"Gray","email":"jgraybk@symantec.com","ville":"California"},
{"id":418,"gender":"Female","first_name":"Virginia","last_name":"Carpenter","email":"vcarpenterbl@arizona.edu","ville":"New York"},
{"id":419,"gender":"Female","first_name":"Sandra","last_name":"Arnold","email":"sarnoldbm@netscape.com","ville":"Virginia"},
{"id":420,"gender":"Male","first_name":"Richard","last_name":"Stone","email":"rstonebn@army.mil","ville":"New York"},
{"id":421,"first_name":"Antonio","last_name":"Spencer","email":"aspencerbo@jalbum.net","ville":"Utah"},
{"id":422,"gender":"Female","first_name":"Angela","last_name":"Sims","email":"asimsbp@cisco.com","ville":"California"},
{"id":423,"gender":"Male","first_name":"Jesse","last_name":"Bell","email":"jbellbq@cafepress.com","ville":"New York"},
{"id":424,"gender":"Male","first_name":"Johnny","last_name":"Day","email":"jdaybr@ask.com","ville":"Florida"},
{"id":425,"gender":"Male","first_name":"Gary","last_name":"Rose","email":"grosebs@acquirethisname.com","ville":"Texas"},
{"id":426,"gender":"Female","first_name":"Amanda","last_name":"Lynch","email":"alynchbt@pbs.org","ville":"New York"},
{"id":427,"gender":"Female","first_name":"Sharon","last_name":"Mills","email":"smillsbu@hao123.com","ville":"South Carolina"},
{"id":428,"gender":"Female","first_name":"Sandra","last_name":"Anderson","email":"sandersonbv@ovh.net","ville":"Pennsylvania"},
{"id":429,"gender":"Male","first_name":"Jose","last_name":"Greene","email":"jgreenebw@behance.net","ville":"Florida"},
{"id":430,"first_name":"Harold","last_name":"Rice","email":"hricebx@sbwire.com","ville":"California"},
{"id":431,"gender":"Female","first_name":"Karen","last_name":"Hicks","email":"khicksby@patch.com","ville":"Texas"},
{"id":432,"gender":"Female","first_name":"Stephanie","last_name":"Henry","email":"shenrybz@cmu.edu","ville":"Indiana"},
{"id":433,"first_name":"Ernest","last_name":"Austin","email":"eaustinc0@biblegateway.com","ville":"Idaho"},
{"id":434,"gender":"Male","first_name":"John","last_name":"Stevens","email":"jstevensc1@pinterest.com","ville":"Michigan"},
{"id":435,"first_name":"Eric","last_name":"Kim","email":"ekimc2@globo.com","ville":"Ohio"},
{"id":436,"first_name":"Fred","last_name":"Carter","email":"fcarterc3@last.fm","ville":"Texas"},
{"id":437,"gender":"Male","first_name":"Walter","last_name":"Watkins","email":"wwatkinsc4@usgs.gov","ville":"Nevada"},
{"id":438,"gender":"Female","first_name":"Shirley","last_name":"Wheeler","email":"swheelerc5@baidu.com","ville":"North Carolina"},
{"id":439,"gender":"Female","first_name":"Lori","last_name":"Lopez","email":"llopezc6@360.cn","ville":"Florida"},
{"id":440,"gender":"Male","first_name":"Eric","last_name":"Graham","email":"egrahamc7@webs.com","ville":"California"},
{"id":441,"gender":"Female","first_name":"Janice","last_name":"Little","email":"jlittlec8@stumbleupon.com","ville":"Pennsylvania"},
{"id":442,"gender":"Male","first_name":"Gary","last_name":"Walker","email":"gwalkerc9@youtube.com","ville":"Oklahoma"},
{"id":443,"gender":"Male","first_name":"Robert","last_name":"Kennedy","email":"rkennedyca@xinhuanet.com","ville":"Florida"},
{"id":444,"gender":"Male","first_name":"Richard","last_name":"Hamilton","email":"rhamiltoncb@ucla.edu","ville":"New York"},
{"id":445,"first_name":"Rebecca","last_name":"Harris","email":"rharriscc@woothemes.com","ville":"Illinois"},
{"id":446,"first_name":"Mildred","last_name":"Gonzales","email":"mgonzalescd@imgur.com","ville":"Colorado"},
{"id":447,"gender":"Female","first_name":"Sara","last_name":"Black","email":"sblackce@fastcompany.com","ville":"California"},
{"id":448,"gender":"Male","first_name":"Kevin","last_name":"Hughes","email":"khughescf@discuz.net","ville":"District of Columbia"},
{"id":449,"gender":"Male","first_name":"Thomas","last_name":"Patterson","email":"tpattersoncg@cdc.gov","ville":"California"},
{"id":450,"gender":"Male","first_name":"Harry","last_name":"Oliver","email":"holiverch@bigcartel.com","ville":"Pennsylvania"}]